Button Text,Inner Text,Deeper Text
기획·전략,경영·비즈니스기획,경영기획
기획·전략,경영·비즈니스기획,데이터분석
기획·전략,경영·비즈니스기획,문화기획
기획·전략,경영·비즈니스기획,브랜드기획
기획·전략,경영·비즈니스기획,사업기획
기획·전략,경영·비즈니스기획,신사업기획
기획·전략,경영·비즈니스기획,연구기획
기획·전략,경영·비즈니스기획,재무기획
기획·전략,경영·비즈니스기획,전략기획
기획·전략,웹기획,게임기획
기획·전략,웹기획,데이터분석
기획·전략,웹기획,서비스기획
기획·전략,웹기획,스토리보드
기획·전략,웹기획,앱기획
기획·전략,웹기획,제안·컨설팅
기획·전략,웹기획,콘텐츠기획
기획·전략,웹기획,UI·UX기획
기획·전략,마케팅기획,데이터분석
기획·전략,마케팅기획,브랜드기획
기획·전략,마케팅기획,시장분석
기획·전략,마케팅기획,시장조사
기획·전략,마케팅기획,전략기획
기획·전략,마케팅기획,콘텐츠기획
기획·전략,PL·PM·PO,PL
기획·전략,PL·PM·PO,PM
기획·전략,PL·PM·PO,PO
기획·전략,컨설턴트,경영기획
기획·전략,컨설턴트,경영컨설팅
기획·전략,컨설턴트,금융컨설팅
기획·전략,컨설턴트,웹컨설팅
기획·전략,컨설턴트,이미지컨설팅
기획·전략,컨설턴트,창업컨설팅
기획·전략,컨설턴트,HR컨설팅
기획·전략,컨설턴트,IPO
기획·전략,컨설턴트,M&A
기획·전략,CEO·COO·CTO,CEO
기획·전략,CEO·COO·CTO,CFO
기획·전략,CEO·COO·CTO,CMO
기획·전략,CEO·COO·CTO,COO
기획·전략,CEO·COO·CTO,CTO
법무·사무·총무,경영지원,경영기획
법무·사무·총무,경영지원,문서작성
법무·사무·총무,경영지원,자료조사
법무·사무·총무,경영지원,통계·분석
법무·사무·총무,사무담당자,문서관리
법무·사무·총무,사무담당자,문서작성
법무·사무·총무,사무담당자,사이트관리
법무·사무·총무,사무담당자,서무
법무·사무·총무,사무담당자,송무담당
법무·사무·총무,사무담당자,자료조사
법무·사무·총무,사무담당자,전산입력
법무·사무·총무,사무담당자,행정
법무·사무·총무,총무,문서관리
법무·사무·총무,총무,복리후생
법무·사무·총무,총무,비품관리
법무·사무·총무,총무,서무
법무·사무·총무,총무,자산관리
법무·사무·총무,총무,행정
법무·사무·총무,사무보조,더존
법무·사무·총무,사무보조,문서관리
법무·사무·총무,사무보조,문서작성
법무·사무·총무,사무보조,사이트관리
법무·사무·총무,사무보조,자산관리
법무·사무·총무,사무보조,전산입력
법무·사무·총무,법무담당자,공증
법무·사무·총무,법무담당자,문서작성
법무·사무·총무,법무담당자,사내변호사
법무·사무·총무,법무담당자,소송·민사·등기
법무·사무·총무,법무담당자,저작권
법무·사무·총무,법무담당자,지적재산권
법무·사무·총무,법무담당자,컴플라이언스
법무·사무·총무,법무담당자,특허담당
법무·사무·총무,비서,송무비서
법무·사무·총무,비서,수행비서
법무·사무·총무,비서,임원비서
법무·사무·총무,변호사,공증
법무·사무·총무,변호사,사내변호사
법무·사무·총무,변호사,상표담당
법무·사무·총무,변호사,소송·민사·등기
법무·사무·총무,변호사,송무담당
법무·사무·총무,변호사,저작권
법무·사무·총무,변호사,지적재산권
법무·사무·총무,변호사,컴플라이언스
법무·사무·총무,변호사,특허담당
법무·사무·총무,법무사,공증
법무·사무·총무,법무사,상표담당
법무·사무·총무,법무사,송무담당
법무·사무·총무,법무사,저작권
법무·사무·총무,법무사,지적재산권
법무·사무·총무,법무사,특허담당
법무·사무·총무,변리사,상표담당
법무·사무·총무,변리사,저작권
법무·사무·총무,변리사,지적재산권
법무·사무·총무,변리사,출원
법무·사무·총무,변리사,특허담당
법무·사무·총무,노무사,4대보험
법무·사무·총무,노무사,급여관리
법무·사무·총무,노무사,노사관리
인사·HR,인사담당자,인사교육
인사·HR,인사담당자,인사기획
인사·HR,인사담당자,인사행정
인사·HR,HRD·HRM,교육기획
인사·HR,HRD·HRM,급여관리
인사·HR,HRD·HRM,면접·채용
인사·HR,HRD·HRM,복리후생
인사·HR,HRD·HRM,조직문화
인사·HR,HRD·HRM,평가·보상
인사·HR,노무관리자,경력관리
인사·HR,노무관리자,노사관리
인사·HR,노무관리자,복리후생
인사·HR,노무관리자,인사교육
인사·HR,잡매니저,인재관리
인사·HR,잡매니저,인재발굴
인사·HR,잡매니저,채용대행
인사·HR,잡매니저,파견관리
인사·HR,헤드헌터,스카우트
인사·HR,헤드헌터,인재관리
인사·HR,헤드헌터,인재발굴
인사·HR,헤드헌터,인재컨설팅
인사·HR,헤드헌터,채용대행
인사·HR,직업상담사,경력관리
인사·HR,직업상담사,직업훈련
인사·HR,직업상담사,취업상담
인사·HR,직업상담사,회원관리
회계·세무,회계담당자,4대보험
회계·세무,회계담당자,결산
회계·세무,회계담당자,계산서발행
회계·세무,회계담당자,관리회계
회계·세무,회계담당자,기업회계
회계·세무,회계담당자,더존
회계·세무,회계담당자,법인결산
회계·세무,회계담당자,부가세신고
회계·세무,회계담당자,원가회계
회계·세무,회계담당자,재무회계
회계·세무,회계담당자,전산회계
회계·세무,회계담당자,전표입력
회계·세무,회계담당자,회계감사
회계·세무,회계담당자,CFO
회계·세무,회계담당자,ERP운용
회계·세무,경리,4대보험
회계·세무,경리,결산
회계·세무,경리,계산서발행
회계·세무,경리,급여관리
회계·세무,경리,더존
회계·세무,경리,부가세신고
회계·세무,경리,전표입력
회계·세무,경리,ERP운용
회계·세무,세무담당자,부가세신고
회계·세무,세무담당자,세무기장
회계·세무,세무담당자,세무신고
회계·세무,세무담당자,세무조정
회계·세무,세무담당자,연말정산
회계·세무,재무담당자,결산
회계·세무,재무담당자,외환관리
회계·세무,재무담당자,입출금관리
회계·세무,재무담당자,자금관리
회계·세무,재무담당자,재무기획
회계·세무,재무담당자,재무분석
회계·세무,재무담당자,재무회계
회계·세무,감사,내부감사
회계·세무,감사,외부감사
회계·세무,감사,회계감사
회계·세무,IR·공시,결산
회계·세무,IR·공시,재무기획
회계·세무,IR·공시,재무분석
회계·세무,IR·공시,통계·분석
회계·세무,IR·공시,IPO
회계·세무,회계사,관리회계
회계·세무,회계사,기업회계
회계·세무,회계사,원가회계
회계·세무,회계사,재무회계
회계·세무,회계사,회계감사
회계·세무,세무사,부가세신고
회계·세무,세무사,세무기장
회계·세무,세무사,세무신고
회계·세무,세무사,세무조정
회계·세무,세무사,연말정산
회계·세무,관세사,관세환급
회계·세무,관세사,수출입관리
회계·세무,관세사,통관
마케팅·광고·MD,AE(광고기획자),광고기획
마케팅·광고·MD,AE(광고기획자),광고PD
마케팅·광고·MD,AE(광고기획자),브랜드기획
마케팅·광고·MD,AE(광고기획자),브랜딩
마케팅·광고·MD,AE(광고기획자),시장분석
마케팅·광고·MD,AE(광고기획자),시장조사
마케팅·광고·MD,AE(광고기획자),포지셔닝
마케팅·광고·MD,AE(광고기획자),PPL
마케팅·광고·MD,브랜드마케터,기업홍보
마케팅·광고·MD,브랜드마케터,라이센싱
마케팅·광고·MD,브랜드마케터,브랜딩
마케팅·광고·MD,브랜드마케터,시장분석
마케팅·광고·MD,브랜드마케터,언론홍보
마케팅·광고·MD,브랜드마케터,이벤트기획
마케팅·광고·MD,퍼포먼스마케터,카페·블로그관리
마케팅·광고·MD,퍼포먼스마케터,키워드광고
마케팅·광고·MD,퍼포먼스마케터,SNS마케팅
마케팅·광고·MD,CRM마케터,고객관리
마케팅·광고·MD,CRM마케터,매출관리
마케팅·광고·MD,CRM마케터,프로모션
마케팅·광고·MD,온라인마케터,디지털마케팅
마케팅·광고·MD,온라인마케터,바이럴마케팅
마케팅·광고·MD,온라인마케터,배너광고
마케팅·광고·MD,온라인마케터,제휴마케팅
마케팅·광고·MD,온라인마케터,키워드광고
마케팅·광고·MD,온라인마케터,프로모션
마케팅·광고·MD,온라인마케터,IMC
마케팅·광고·MD,온라인마케터,SEO
마케팅·광고·MD,온라인마케터,SNS마케팅
마케팅·광고·MD,콘텐츠마케터,영상제작
마케팅·광고·MD,콘텐츠마케터,콘텐츠기획
마케팅·광고·MD,콘텐츠마케터,SEO
마케팅·광고·MD,콘텐츠마케터,SNS마케팅
마케팅·광고·MD,홍보,기업홍보
마케팅·광고·MD,홍보,언론홍보
마케팅·광고·MD,홍보,오프라인마케팅
마케팅·광고·MD,홍보,옥외광고
마케팅·광고·MD,홍보,이벤트기획
마케팅·광고·MD,홍보,프로모션
마케팅·광고·MD,홍보,BTL
마케팅·광고·MD,설문·리서치,설문조사
마케팅·광고·MD,설문·리서치,시장분석
마케팅·광고·MD,설문·리서치,시장조사
마케팅·광고·MD,설문·리서치,통계·분석
마케팅·광고·MD,MD,리테일MD
마케팅·광고·MD,MD,매출관리
마케팅·광고·MD,MD,상품기획
마케팅·광고·MD,MD,상품입출고
마케팅·광고·MD,MD,식품MD
마케팅·광고·MD,MD,재고관리
마케팅·광고·MD,MD,AMD
마케팅·광고·MD,MD,VMD
마케팅·광고·MD,채널관리자,매체관리
마케팅·광고·MD,채널관리자,카페·블로그관리
마케팅·광고·MD,채널관리자,프로모션
마케팅·광고·MD,채널관리자,SNS마케팅
개발·데이터,백엔드개발자,서버관리
개발·데이터,백엔드개발자,클라이언트
개발·데이터,백엔드개발자,핀테크
개발·데이터,백엔드개발자,HTTP
개발·데이터,백엔드개발자,SI개발
개발·데이터,프론트엔드개발자,반응형웹
개발·데이터,프론트엔드개발자,인터페이스
개발·데이터,프론트엔드개발자,GUI
개발·데이터,앱개발자,가상현실
개발·데이터,앱개발자,메타버스
개발·데이터,앱개발자,암호화폐
개발·데이터,앱개발자,음성인식
개발·데이터,앱개발자,인터페이스
개발·데이터,앱개발자,증강현실
개발·데이터,앱개발자,챗봇
개발·데이터,앱개발자,핀테크
개발·데이터,앱개발자,SI개발
개발·데이터,시스템엔지니어,네트워크관리
개발·데이터,시스템엔지니어,서버관리
개발·데이터,시스템엔지니어,서버구축
개발·데이터,시스템엔지니어,시스템분석
개발·데이터,시스템엔지니어,시스템설계
개발·데이터,시스템엔지니어,시스템운영
개발·데이터,시스템엔지니어,펌웨어
개발·데이터,시스템엔지니어,SI개발
개발·데이터,네트워크엔지니어,네트워크관리
개발·데이터,네트워크엔지니어,서버구축
개발·데이터,네트워크엔지니어,시스템운영
개발·데이터,DBA,데이터관리
개발·데이터,DBA,데이터마이닝
개발·데이터,DBA,모델링
개발·데이터,DBA,DB튜닝
개발·데이터,DBA,DBMS
개발·데이터,DBA,DW모델러
개발·데이터,DBA,OLAP개발자
개발·데이터,데이터엔지니어,데이터레이크
개발·데이터,데이터엔지니어,데이터파이프라인
개발·데이터,데이터엔지니어,빅데이터
개발·데이터,데이터엔지니어,ETL
개발·데이터,데이터사이언티스트,데이터분석
개발·데이터,데이터사이언티스트,데이터시각화
개발·데이터,데이터사이언티스트,분석모델링
개발·데이터,데이터사이언티스트,BI
개발·데이터,보안엔지니어,네트워크관리
개발·데이터,보안엔지니어,방화벽
개발·데이터,보안엔지니어,보안관제
개발·데이터,보안엔지니어,암호화폐
개발·데이터,보안엔지니어,정보보안
개발·데이터,보안엔지니어,핀테크
개발·데이터,소프트웨어개발자,시스템분석
개발·데이터,소프트웨어개발자,시스템설계
개발·데이터,소프트웨어개발자,아키텍처
개발·데이터,소프트웨어개발자,정보보안
개발·데이터,소프트웨어개발자,클라이언트
개발·데이터,소프트웨어개발자,SI개발
개발·데이터,게임개발자,가상현실
개발·데이터,게임개발자,메타버스
개발·데이터,게임개발자,모델링
개발·데이터,게임개발자,증강현실
개발·데이터,게임개발자,클라이언트
개발·데이터,게임개발자,MMORPG
개발·데이터,하드웨어개발자,검증
개발·데이터,하드웨어개발자,시스템분석
개발·데이터,하드웨어개발자,시스템설계
개발·데이터,하드웨어개발자,펌웨어
개발·데이터,하드웨어개발자,회로설계
개발·데이터,머신러닝엔지니어,딥러닝
개발·데이터,머신러닝엔지니어,모델링
개발·데이터,머신러닝엔지니어,음성인식
개발·데이터,머신러닝엔지니어,이미지프로세싱
개발·데이터,머신러닝엔지니어,인공지능
개발·데이터,머신러닝엔지니어,자연어처리(NLP)
개발·데이터,머신러닝엔지니어,챗봇
개발·데이터,블록체인개발자,스마트컨트랙트
개발·데이터,블록체인개발자,암호화폐
개발·데이터,블록체인개발자,Dapp
개발·데이터,블록체인개발자,DID
개발·데이터,클라우드엔지니어,네트워크관리
개발·데이터,클라우드엔지니어,솔루션스아키텍트
개발·데이터,클라우드엔지니어,클라우드개발자
개발·데이터,클라우드엔지니어,클라우드아키텍트
개발·데이터,웹퍼블리셔,반응형웹
개발·데이터,웹퍼블리셔,웹마스터
개발·데이터,웹퍼블리셔,웹표준·웹접근성
개발·데이터,웹퍼블리셔,GUI
개발·데이터,QA,검증
개발·데이터,QA,웹마스터
개발·데이터,QA,테스터
디자인,그래픽디자이너,2D디자인
디자인,그래픽디자이너,디지털디자인
디자인,그래픽디자이너,모션그래픽
디자인,그래픽디자이너,삽화·일러스트
디자인,그래픽디자이너,아바타디자인
디자인,그래픽디자이너,애니메이션
디자인,그래픽디자이너,원화디자인
디자인,그래픽디자이너,CG
디자인,그래픽디자이너,CI
디자인,그래픽디자이너,POP
디자인,그래픽디자이너,Sign디자인
디자인,3D디자이너,디지털디자인
디자인,3D디자이너,만화디자인
디자인,3D디자이너,모션그래픽
디자인,3D디자이너,삽화·일러스트
디자인,3D디자이너,아바타디자인
디자인,3D디자이너,애니메이션
디자인,3D디자이너,원화디자인
디자인,3D디자이너,CG
디자인,제품디자이너,2D디자인
디자인,제품디자이너,가구디자인
디자인,제품디자이너,공업디자인
디자인,제품디자이너,공예디자인
디자인,제품디자이너,금속디자인
디자인,제품디자이너,문구디자인
디자인,제품디자이너,악세사리디자인
디자인,제품디자이너,잡화디자인
디자인,제품디자이너,주얼리디자인
디자인,제품디자이너,패키지디자인
디자인,제품디자이너,팬시디자인
디자인,산업디자이너,가구디자인
디자인,산업디자이너,공예디자인
디자인,산업디자이너,금속디자인
디자인,산업디자이너,문구디자인
디자인,산업디자이너,악세사리디자인
디자인,산업디자이너,잡화디자인
디자인,산업디자이너,주얼리디자인
디자인,산업디자이너,팬시디자인
디자인,산업디자이너,Sign디자인
디자인,광고디자이너,디지털디자인
디자인,광고디자이너,브랜드디자인
디자인,광고디자이너,옥외광고
디자인,광고디자이너,전단지디자인
디자인,광고디자이너,정보디자인
디자인,광고디자이너,현수막디자인
디자인,광고디자이너,CI
디자인,광고디자이너,POP
디자인,광고디자이너,Sign디자인
디자인,시각디자이너,디지털디자인
디자인,시각디자이너,브랜드디자인
디자인,시각디자이너,삽화·일러스트
디자인,시각디자이너,전단지디자인
디자인,시각디자이너,정보디자인
디자인,시각디자이너,패키지디자인
디자인,시각디자이너,폰트디자인
디자인,시각디자이너,현수막디자인
디자인,시각디자이너,POP
디자인,시각디자이너,Sign디자인
디자인,영상디자이너,2D디자인
디자인,영상디자이너,모션그래픽
디자인,영상디자이너,애니메이션
디자인,영상디자이너,영상제작
디자인,영상디자이너,CG
디자인,웹디자이너,모바일디자인
디자인,웹디자이너,GUI
디자인,웹디자이너,UI·UX기획
디자인,UI·UX디자이너,모바일디자인
디자인,UI·UX디자이너,GUI
디자인,UI·UX디자이너,UI·UX기획
디자인,패션디자이너,골프웨어디자인
디자인,패션디자이너,남성캐주얼디자인
디자인,패션디자이너,섬유디자인
디자인,패션디자이너,아동복디자인
디자인,패션디자이너,악세사리디자인
디자인,패션디자이너,여성캐주얼디자인
디자인,패션디자이너,의상디자인
디자인,패션디자이너,잡화디자인
디자인,패션디자이너,주얼리디자인
디자인,패션디자이너,패턴사
디자인,패션디자이너,홈패션디자인
디자인,패션디자이너,VMD
디자인,편집디자이너,교재디자인
디자인,편집디자이너,맥디자인
디자인,편집디자이너,북디자인
디자인,편집디자이너,삽화·일러스트
디자인,편집디자이너,정보디자인
디자인,편집디자이너,폰트디자인
디자인,편집디자이너,IBM디자인
디자인,실내디자이너,가구디자인
디자인,실내디자이너,인테리어디자인
디자인,실내디자이너,전시디자인
디자인,공간디자이너,무대디자인
디자인,공간디자이너,인테리어디자인
디자인,공간디자이너,전시디자인
디자인,공간디자이너,조경디자인
디자인,캐릭터디자이너,2D디자인
디자인,캐릭터디자이너,만화디자인
디자인,캐릭터디자이너,모션그래픽
디자인,캐릭터디자이너,삽화·일러스트
디자인,캐릭터디자이너,아바타디자인
디자인,캐릭터디자이너,애니메이션
디자인,캐릭터디자이너,원화디자인
디자인,환경디자이너,경관디자인
디자인,환경디자이너,공공디자인
디자인,환경디자이너,조경디자인
디자인,일러스트레이터,만화디자인
디자인,일러스트레이터,삽화·일러스트
디자인,일러스트레이터,애니메이션
디자인,일러스트레이터,원화디자인
물류·무역,물류관리자,납품
물류·무역,물류관리자,물류센터
물류·무역,물류관리자,재고관리
물류·무역,물류관리자,창고관리
물류·무역,구매관리자,구매계약
물류·무역,구매관리자,외자구매
물류·무역,구매관리자,자재구매
물류·무역,자재관리자,상품입출고
물류·무역,자재관리자,외자구매
물류·무역,자재관리자,자재구매
물류·무역,자재관리자,재고관리
물류·무역,유통관리자,납품
물류·무역,유통관리자,배차
물류·무역,유통관리자,보세운송
물류·무역,유통관리자,상품입출고
물류·무역,유통관리자,외주관리
물류·무역,무역사무원,검수사
물류·무역,무역사무원,관세사무
물류·무역,무역사무원,국제무역
물류·무역,무역사무원,무역중개인
물류·무역,무역사무원,바이어개발
물류·무역,무역사무원,보세사
물류·무역,무역사무원,수출입계약
물류·무역,무역사무원,수출입관리
물류·무역,무역사무원,오더관리
물류·무역,무역사무원,외환관리
물류·무역,무역사무원,통관
물류·무역,무역사무원,통관대리인
물류·무역,무역사무원,포워딩
물류·무역,무역사무원,항공무역
물류·무역,무역사무원,해상무역
운전·운송·배송,납품·배송기사,납품기사
운전·운송·배송,납품·배송기사,배송기사
운전·운송·배송,납품·배송기사,배차
운전·운송·배송,납품·배송기사,운송보조
운전·운송·배송,납품·배송기사,적재·하역
운전·운송·배송,납품·배송기사,택배
운전·운송·배송,배달기사,운송보조
운전·운송·배송,배달기사,음식배달
운전·운송·배송,배달기사,퀵서비스
운전·운송·배송,수행·운전기사,대리운전
운전·운송·배송,수행·운전기사,발레파킹
운전·운송·배송,수행·운전기사,수행기사
운전·운송·배송,수행·운전기사,승용기사
운전·운송·배송,수행·운전기사,운전기사
운전·운송·배송,화물·중장비기사,굴삭기
운전·운송·배송,화물·중장비기사,중장비운전
운전·운송·배송,화물·중장비기사,지게차운전
운전·운송·배송,화물·중장비기사,화물차운전
운전·운송·배송,조종·기관사,육상운송
운전·운송·배송,조종·기관사,항공운송
운전·운송·배송,조종·기관사,해상운송
영업,제품영업,국내영업
영업,제품영업,식품영업
영업,제품영업,의료기기영업
영업,제품영업,자동차영업
영업,제품영업,장비영업
영업,제품영업,제약영업
영업,제품영업,주류영업
영업,제품영업,중고차딜러
영업,제품영업,화장품영업
영업,제품영업,휴대전화영업
영업,서비스영업,납품영업
영업,서비스영업,렌탈영업
영업,서비스영업,부동산영업
영업,서비스영업,상조영업
영업,서비스영업,유통영업
영업,해외영업,기타외국어
영업,해외영업,바이어개발
영업,해외영업,수출입계약
영업,해외영업,영어
영업,해외영업,일본어
영업,해외영업,중국어
영업,해외영업,해외마케팅
영업,광고영업,기업홍보
영업,광고영업,배너광고
영업,광고영업,오프라인영업
영업,광고영업,옥외광고
영업,광고영업,온라인영업
영업,광고영업,키워드광고
영업,광고영업,프로모션
영업,금융영업,방카슈랑스
영업,금융영업,법인고객영업
영업,금융영업,보험영업
영업,금융영업,여신상담
영업,금융영업,자산관리
영업,금융영업,재무상담
영업,금융영업,카드영업
영업,금융영업,퇴직연금
영업,금융영업,투자상담·자문
영업,금융영업,PB
영업,법인영업,가맹영업
영업,법인영업,거래처관리
영업,법인영업,납품영업
영업,법인영업,상조영업
영업,법인영업,식품영업
영업,법인영업,장비영업
영업,법인영업,제약영업
영업,법인영업,주류영업
영업,IT·기술영업,기술영업
영업,IT·기술영업,기술지원
영업,IT·기술영업,네트워크영업
영업,IT·기술영업,반도체영업
영업,IT·기술영업,솔루션영업
영업,IT·기술영업,시스템영업
영업,IT·기술영업,웹사이트구축영업
영업,IT·기술영업,하드웨어영업
영업,영업관리,가맹점관리
영업,영업관리,거래선개발관리
영업,영업관리,거래처관리
영업,영업관리,고객관리
영업,영업관리,대리점관리
영업,영업지원,데이터분석
영업,영업지원,매출관리
영업,영업지원,영업기획
영업,영업지원,영업전략
고객상담·TM,인바운드상담원,게시판관리
고객상담·TM,인바운드상담원,고객경험관리
고객상담·TM,인바운드상담원,고객지원
고객상담·TM,인바운드상담원,교환·반품
고객상담·TM,인바운드상담원,금융상담
고객상담·TM,인바운드상담원,기술상담
고객상담·TM,인바운드상담원,단순안내
고객상담·TM,인바운드상담원,대출상담
고객상담·TM,인바운드상담원,민원상담
고객상담·TM,인바운드상담원,방문상담
고객상담·TM,인바운드상담원,배송상담
고객상담·TM,인바운드상담원,온라인상담
고객상담·TM,인바운드상담원,원격상담
고객상담·TM,인바운드상담원,이메일상담
고객상담·TM,인바운드상담원,전화상담
고객상담·TM,인바운드상담원,접수·예약
고객상담·TM,인바운드상담원,채팅상담
고객상담·TM,인바운드상담원,해지방어
고객상담·TM,인바운드상담원,A·S상담
고객상담·TM,아웃바운드상담원,전화상담
고객상담·TM,아웃바운드상담원,텔레마케팅
고객상담·TM,아웃바운드상담원,해피콜
고객상담·TM,아웃바운드상담원,회원관리
고객상담·TM,고객센터관리자,고객경험관리
고객상담·TM,고객센터관리자,고객문의분석
고객상담·TM,고객센터관리자,상담품질관리
고객상담·TM,고객센터관리자,콜통계분석
고객상담·TM,고객센터관리자,통화품질분석
고객상담·TM,고객센터관리자,CS교육
금융·보험,금융사무,거래처관리
금융·보험,금융사무,고객관리
금융·보험,금융사무,금융상품기획
금융·보험,금융사무,외환관리
금융·보험,금융사무,입출금관리
금융·보험,금융사무,채권
금융·보험,금융사무,퇴직연금
금융·보험,보험설계사,보험사고
금융·보험,보험설계사,보험상담
금융·보험,보험설계사,보험영업
금융·보험,손해사정사,보험청구
금융·보험,손해사정사,손해평가
금융·보험,손해사정사,언더라이팅
금융·보험,심사,대출심사
금융·보험,심사,보상
금융·보험,심사,손해평가
금융·보험,심사,채권
금융·보험,심사,투자심사
금융·보험,은행원·텔러,방카슈랑스
금융·보험,은행원·텔러,여신상담
금융·보험,은행원·텔러,외환관리
금융·보험,은행원·텔러,재무상담
금융·보험,은행원·텔러,채권
금융·보험,은행원·텔러,퇴직연금
금융·보험,은행원·텔러,PB
금융·보험,펀드매니저,위험분석·관리
금융·보험,펀드매니저,자산운용
금융·보험,펀드매니저,채권
금융·보험,펀드매니저,투자상담·자문
금융·보험,애널리스트,위험분석·관리
금융·보험,애널리스트,자산운용
금융·보험,애널리스트,재무분석
금융·보험,애널리스트,투자상담·자문
식·음료,요리사,메뉴개발
식·음료,요리사,양식
식·음료,요리사,일식
식·음료,요리사,중식
식·음료,요리사,한식
식·음료,요리사,호텔
식·음료,조리사,단체급식
식·음료,조리사,메뉴개발
식·음료,조리사,양식
식·음료,조리사,일식
식·음료,조리사,중식
식·음료,조리사,한식
식·음료,조리사,호텔
식·음료,제과제빵사,메뉴개발
식·음료,제과제빵사,베이커리
식·음료,제과제빵사,제빵사
식·음료,제과제빵사,파티쉐
식·음료,바리스타,메뉴개발
식·음료,바리스타,베이커리
식·음료,바리스타,호텔
식·음료,셰프·주방장,단체급식
식·음료,셰프·주방장,메뉴개발
식·음료,셰프·주방장,양식
식·음료,셰프·주방장,일식
식·음료,셰프·주방장,중식
식·음료,셰프·주방장,한식
식·음료,셰프·주방장,호텔
식·음료,카페·레스토랑매니저,메뉴개발
식·음료,카페·레스토랑매니저,베이커리
식·음료,카페·레스토랑매니저,서빙
식·음료,카페·레스토랑매니저,양식
식·음료,카페·레스토랑매니저,일식
식·음료,카페·레스토랑매니저,중식
식·음료,카페·레스토랑매니저,카운터
식·음료,카페·레스토랑매니저,한식
식·음료,카페·레스토랑매니저,호텔
식·음료,홀서버,베이커리
식·음료,홀서버,서빙
식·음료,홀서버,양식
식·음료,홀서버,일식
식·음료,홀서버,중식
식·음료,홀서버,카운터
식·음료,홀서버,한식
식·음료,홀서버,호텔
식·음료,주방보조,단체급식
식·음료,주방보조,양식
식·음료,주방보조,일식
식·음료,주방보조,중식
식·음료,주방보조,한식
식·음료,주방보조,호텔
식·음료,소믈리에·바텐더,메뉴개발
식·음료,소믈리에·바텐더,바텐더
식·음료,소믈리에·바텐더,소믈리에
식·음료,영양사,단체급식
식·음료,영양사,메뉴개발
식·음료,영양사,식단관리
고객서비스·리테일,설치·수리기사,기술지원
고객서비스·리테일,설치·수리기사,설치
고객서비스·리테일,설치·수리기사,유지보수
고객서비스·리테일,설치·수리기사,A·S수리
고객서비스·리테일,정비기사,기술지원
고객서비스·리테일,정비기사,썬팅
고객서비스·리테일,정비기사,자동차정비
고객서비스·리테일,정비기사,자동차튜닝
고객서비스·리테일,정비기사,A·S수리
고객서비스·리테일,호텔종사자,벨맨
고객서비스·리테일,호텔종사자,카지노
고객서비스·리테일,호텔종사자,컨시어지
고객서비스·리테일,호텔종사자,프런트
고객서비스·리테일,호텔종사자,하우스키핑
고객서비스·리테일,호텔종사자,호텔리어
고객서비스·리테일,호텔종사자,호텔사무
고객서비스·리테일,여행에이전트,가이드
고객서비스·리테일,여행에이전트,고객안내
고객서비스·리테일,여행에이전트,고객응대
고객서비스·리테일,여행에이전트,여행사무
고객서비스·리테일,여행에이전트,여행상품기획
고객서비스·리테일,여행에이전트,예약·발권
고객서비스·리테일,여행에이전트,항공사무
고객서비스·리테일,매장관리자,가구판매
고객서비스·리테일,매장관리자,가전판매
고객서비스·리테일,매장관리자,고객안내
고객서비스·리테일,매장관리자,고객응대
고객서비스·리테일,매장관리자,매출관리
고객서비스·리테일,매장관리자,방문판매
고객서비스·리테일,매장관리자,샵마스터
고객서비스·리테일,매장관리자,식품판매
고객서비스·리테일,매장관리자,의류판매
고객서비스·리테일,매장관리자,잡화판매
고객서비스·리테일,매장관리자,재고관리
고객서비스·리테일,매장관리자,진열관리
고객서비스·리테일,매장관리자,캐셔
고객서비스·리테일,매장관리자,컴퓨터기기판매
고객서비스·리테일,매장관리자,판매관리
고객서비스·리테일,매장관리자,판매영업
고객서비스·리테일,매장관리자,화장품판매
고객서비스·리테일,매장관리자,VMD
고객서비스·리테일,뷰티·미용사,네일아트
고객서비스·리테일,뷰티·미용사,마사지
고객서비스·리테일,뷰티·미용사,메이크업
고객서비스·리테일,뷰티·미용사,체형관리
고객서비스·리테일,뷰티·미용사,피부관리
고객서비스·리테일,뷰티·미용사,헤어디자인
고객서비스·리테일,애견미용·훈련,애견관리
고객서비스·리테일,애견미용·훈련,애견미용
고객서비스·리테일,애견미용·훈련,애견훈련
고객서비스·리테일,안내데스크·리셉셔니스트,고객안내
고객서비스·리테일,안내데스크·리셉셔니스트,고객응대
고객서비스·리테일,안내데스크·리셉셔니스트,컨시어지
고객서비스·리테일,안내데스크·리셉셔니스트,프런트
고객서비스·리테일,경호·경비,경비
고객서비스·리테일,경호·경비,경호
고객서비스·리테일,경호·경비,교통관제
고객서비스·리테일,경호·경비,방범
고객서비스·리테일,경호·경비,보안
고객서비스·리테일,경호·경비,순찰
고객서비스·리테일,경호·경비,안전요원
고객서비스·리테일,경호·경비,현금호송
고객서비스·리테일,운영보조·매니저,고객안내
고객서비스·리테일,운영보조·매니저,고객응대
고객서비스·리테일,운영보조·매니저,골프
고객서비스·리테일,운영보조·매니저,나레이터
고객서비스·리테일,운영보조·매니저,웨딩
고객서비스·리테일,운영보조·매니저,이벤트
고객서비스·리테일,운영보조·매니저,프로모터
고객서비스·리테일,이벤트·웨딩플래너,웨딩
고객서비스·리테일,이벤트·웨딩플래너,이벤트
고객서비스·리테일,이벤트·웨딩플래너,커플매니저
고객서비스·리테일,주차·주유원,발레파킹
고객서비스·리테일,주차·주유원,세차
고객서비스·리테일,주차·주유원,주유
고객서비스·리테일,주차·주유원,주차관리
고객서비스·리테일,주차·주유원,주차정산
고객서비스·리테일,스타일리스트,메이크업
고객서비스·리테일,스타일리스트,브랜드디자인
고객서비스·리테일,스타일리스트,헤어디자인
고객서비스·리테일,가사도우미,산후조리
고객서비스·리테일,가사도우미,육아도우미
고객서비스·리테일,가사도우미,입주도우미
고객서비스·리테일,승무원,고객안내
고객서비스·리테일,승무원,고객응대
고객서비스·리테일,승무원,공항지상직
고객서비스·리테일,승무원,예약·발권
엔지니어링·설계,전기·전자엔지니어,메카트로닉스
엔지니어링·설계,전기·전자엔지니어,임베디드
엔지니어링·설계,전기·전자엔지니어,자동제어
엔지니어링·설계,전기·전자엔지니어,펌웨어
엔지니어링·설계,전기·전자엔지니어,회로설계
엔지니어링·설계,전기·전자엔지니어,PCB
엔지니어링·설계,전기·전자엔지니어,PLC
엔지니어링·설계,기계엔지니어,금속
엔지니어링·설계,기계엔지니어,기계조작
엔지니어링·설계,기계엔지니어,로봇설계
엔지니어링·설계,기계엔지니어,메카트로닉스
엔지니어링·설계,기계엔지니어,무인항공기·드론
엔지니어링·설계,기계엔지니어,생산기술
엔지니어링·설계,기계엔지니어,자동차
엔지니어링·설계,기계엔지니어,제어·설계
엔지니어링·설계,기계엔지니어,제품개발
엔지니어링·설계,기계엔지니어,조선
엔지니어링·설계,기계엔지니어,철강
엔지니어링·설계,기계엔지니어,캐드원
엔지니어링·설계,기계엔지니어,플랜트
엔지니어링·설계,기계엔지니어,CAM
엔지니어링·설계,설계엔지니어,2D설계
엔지니어링·설계,설계엔지니어,3D설계
엔지니어링·설계,설계엔지니어,건축설계
엔지니어링·설계,설계엔지니어,금형설계
엔지니어링·설계,설계엔지니어,기구설계
엔지니어링·설계,설계엔지니어,로봇설계
엔지니어링·설계,설계엔지니어,전기설계
엔지니어링·설계,설계엔지니어,토목설계
엔지니어링·설계,설계엔지니어,회로설계
엔지니어링·설계,설계엔지니어,CAM
엔지니어링·설계,설비엔지니어,유지보수
엔지니어링·설계,설비엔지니어,정보통신
엔지니어링·설계,설비엔지니어,통신설비
엔지니어링·설계,반도체엔지니어,디스플레이
엔지니어링·설계,반도체엔지니어,생산기술
엔지니어링·설계,반도체엔지니어,신소재
엔지니어링·설계,반도체엔지니어,자동화라인
엔지니어링·설계,반도체엔지니어,정보통신
엔지니어링·설계,반도체엔지니어,제어·설계
엔지니어링·설계,반도체엔지니어,제품개발
엔지니어링·설계,반도체엔지니어,터치스크린
엔지니어링·설계,반도체엔지니어,회로설계
엔지니어링·설계,반도체엔지니어,LCD
엔지니어링·설계,반도체엔지니어,LED·OLED
엔지니어링·설계,반도체엔지니어,PCB
엔지니어링·설계,화학엔지니어,생명공학
엔지니어링·설계,화학엔지니어,에너지
엔지니어링·설계,화학엔지니어,제품개발
엔지니어링·설계,화학엔지니어,플라스틱·PVC
엔지니어링·설계,화학엔지니어,화장품
엔지니어링·설계,공정엔지니어,공정개발
엔지니어링·설계,공정엔지니어,자동제어
엔지니어링·설계,공정엔지니어,자동화라인
엔지니어링·설계,공정엔지니어,품질테스트
엔지니어링·설계,하드웨어엔지니어,임베디드
엔지니어링·설계,하드웨어엔지니어,펌웨어
엔지니어링·설계,하드웨어엔지니어,회로설계
엔지니어링·설계,하드웨어엔지니어,PCB
엔지니어링·설계,통신엔지니어,광통신
엔지니어링·설계,통신엔지니어,무선통신
엔지니어링·설계,통신엔지니어,위성통신
엔지니어링·설계,통신엔지니어,이동통신
엔지니어링·설계,통신엔지니어,전자통신
엔지니어링·설계,통신엔지니어,정보통신
엔지니어링·설계,통신엔지니어,회로설계
엔지니어링·설계,통신엔지니어,CCTV
엔지니어링·설계,RF엔지니어,광통신
엔지니어링·설계,RF엔지니어,무선통신
엔지니어링·설계,RF엔지니어,정보통신
엔지니어링·설계,RF엔지니어,통신설비
엔지니어링·설계,필드엔지니어,기계조작
엔지니어링·설계,필드엔지니어,기술지원
엔지니어링·설계,필드엔지니어,설치
엔지니어링·설계,필드엔지니어,유지보수
엔지니어링·설계,R&D·연구원,건설·교통
엔지니어링·설계,R&D·연구원,경영·경제연구
엔지니어링·설계,R&D·연구원,금속·철강
엔지니어링·설계,R&D·연구원,농림·축산연구
엔지니어링·설계,R&D·연구원,로봇설계
엔지니어링·설계,R&D·연구원,목재·제지
엔지니어링·설계,R&D·연구원,미생물
엔지니어링·설계,R&D·연구원,반도체·LCD
엔지니어링·설계,R&D·연구원,생명공학
엔지니어링·설계,R&D·연구원,신소재
엔지니어링·설계,R&D·연구원,에너지
엔지니어링·설계,R&D·연구원,연구·실험·기술
엔지니어링·설계,R&D·연구원,인문·사회과학
엔지니어링·설계,R&D·연구원,자동차
엔지니어링·설계,R&D·연구원,전기·전자
엔지니어링·설계,R&D·연구원,정보통신·IT
엔지니어링·설계,R&D·연구원,제조·공정
엔지니어링·설계,R&D·연구원,제품개발
엔지니어링·설계,R&D·연구원,조선·항공·우주
엔지니어링·설계,R&D·연구원,화학·섬유
엔지니어링·설계,R&D·연구원,환경
엔지니어링·설계,R&D·연구원,R&D
제조·생산,생산직종사자,금속
제조·생산,생산직종사자,기계조작
제조·생산,생산직종사자,미싱
제조·생산,생산직종사자,밀링
제조·생산,생산직종사자,비금속
제조·생산,생산직종사자,사출
제조·생산,생산직종사자,설비
제조·생산,생산직종사자,신소재
제조·생산,생산직종사자,연마
제조·생산,생산직종사자,연삭
제조·생산,생산직종사자,재단
제조·생산,생산직종사자,절곡
제조·생산,생산직종사자,절단
제조·생산,생산직종사자,제관
제조·생산,생산직종사자,조립
제조·생산,생산직종사자,조향
제조·생산,생산직종사자,패턴사
제조·생산,생산직종사자,회로
제조·생산,생산·공정관리자,생산관리
제조·생산,생산·공정관리자,품질보증
제조·생산,생산·공정관리자,HACCP
제조·생산,생산·공정관리자,ISO
제조·생산,품질관리자,검증
제조·생산,품질관리자,품질보증
제조·생산,품질관리자,환경관리
제조·생산,품질관리자,HACCP
제조·생산,품질관리자,ISO
제조·생산,포장·가공담당자,그라인딩
제조·생산,포장·가공담당자,도금
제조·생산,포장·가공담당자,인쇄·출력
제조·생산,포장·가공담당자,제본
제조·생산,포장·가공담당자,코팅
교육,유치원·보육교사,놀이방
교육,유치원·보육교사,보육교사
교육,유치원·보육교사,어린이집
교육,유치원·보육교사,유치원
교육,학교·특수학교교사,교육콘텐츠개발
교육,학교·특수학교교사,기타외국어
교육,학교·특수학교교사,방과후교사
교육,학교·특수학교교사,보건교사
교육,학교·특수학교교사,영어
교육,학교·특수학교교사,예체능
교육,학교·특수학교교사,일본어
교육,학교·특수학교교사,중고등학교
교육,학교·특수학교교사,중국어
교육,학교·특수학교교사,초등학교
교육,학교·특수학교교사,특수학교
교육,학교·특수학교교사,한국어
교육,대학교수·강사,대학강사
교육,대학교수·강사,대학교수
교육,대학교수·강사,입학사정관
교육,학원강사,기타외국어
교육,학원강사,영어
교육,학원강사,예체능
교육,학원강사,일반학원
교육,학원강사,일본어
교육,학원강사,입시학원
교육,학원강사,중국어
교육,학원강사,파트강사
교육,학원강사,한국어
교육,외국어강사,기타외국어
교육,외국어강사,영어
교육,외국어강사,일본어
교육,외국어강사,중국어
교육,외국어강사,한국어
교육,기술·전문강사,예체능
교육,기술·전문강사,자격증·기술
교육,기술·전문강사,직업훈련
교육,학습지·방문교사,과외교사
교육,학습지·방문교사,방문교사
교육,학습지·방문교사,영어
교육,학습지·방문교사,일본어
교육,학습지·방문교사,중국어
교육,학습지·방문교사,학습지교사
교육,학원상담·운영,교육상담
교육,학원상담·운영,유학상담
교육,학원상담·운영,일반학원
교육,학원상담·운영,입시학원
교육,학원상담·운영,학생관리
교육,학원상담·운영,학원운영
교육,교직원·조교,교육행정
교육,교직원·조교,대학교
교육,교직원·조교,조교
교육,교직원·조교,중고등학교
교육,교직원·조교,초등학교
교육,교직원·조교,특수학교
교육,교재개발·교수설계,교수설계
교육,교재개발·교수설계,교육기획
교육,교재개발·교수설계,교육진행
교육,교재개발·교수설계,교육콘텐츠개발
교육,교재개발·교수설계,교육행정
교육,교재개발·교수설계,교재개발
건축·시설,건축가,건축감리
건축·시설,건축가,건축설계
건축·시설,건축가,건축CM
건축·시설,건축가,리모델링
건축·시설,건축가,캐드원
건축·시설,건축기사,건축설계
건축·시설,건축기사,건축시공
건축·시설,건축기사,리모델링
건축·시설,건축기사,시공관리
건축·시설,시공기사,간판·판넬
건축·시설,시공기사,건축시공
건축·시설,시공기사,공조냉동
건축·시설,시공기사,단열·외장
건축·시설,시공기사,도배·벽지
건축·시설,시공기사,리노베이션
건축·시설,시공기사,리모델링
건축·시설,시공기사,미장
건축·시설,시공기사,방음·방벽
건축·시설,시공기사,배관·케이블
건축·시설,시공기사,샤시·창호
건축·시설,시공기사,시공관리
건축·시설,시공기사,에어컨
건축·시설,시공기사,엘리베이터
건축·시설,시공기사,장판·타일
건축·시설,시공기사,전기설비
건축·시설,전기기사,배관·케이블
건축·시설,전기기사,엘리베이터
건축·시설,전기기사,전기배선
건축·시설,전기기사,전기설비
건축·시설,전기기사,통신설비
건축·시설,토목기사,가설설계
건축·시설,토목기사,건축시공
건축·시설,토목기사,교량설계
건축·시설,토목기사,목수
건축·시설,토목기사,상하수도
건축·시설,토목기사,측량
건축·시설,토목기사,토목
건축·시설,토목기사,토목감리
건축·시설,시설관리자,가스점검
건축·시설,시설관리자,공조냉동
건축·시설,시설관리자,시설점검
건축·시설,시설관리자,전기점검
건축·시설,현장관리자,건설노무
건축·시설,현장관리자,시공관리
건축·시설,현장관리자,안전평가
건축·시설,안전관리자,건설안전
건축·시설,안전관리자,산업안전
건축·시설,안전관리자,소방·방재
건축·시설,안전관리자,안전평가
건축·시설,안전관리자,환기
건축·시설,소방설비,건설안전
건축·시설,소방설비,산업안전
건축·시설,소방설비,상하수도
건축·시설,소방설비,소방·방재
건축·시설,현장보조,간판·판넬
건축·시설,현장보조,미장
건축·시설,현장보조,보수·철거
건축·시설,현장보조,샤시·창호
건축·시설,현장보조,토목
건축·시설,감리원,건축감리
건축·시설,감리원,소방감리
건축·시설,감리원,시공감리
건축·시설,감리원,토목감리
건축·시설,감리원,현장감리
건축·시설,도시·조경설계,가설설계
건축·시설,도시·조경설계,경량·골조
건축·시설,도시·조경설계,교량설계
건축·시설,도시·조경설계,도시계획
건축·시설,환경기사,대기환경
건축·시설,환경기사,수질환경
건축·시설,환경기사,토양환경
건축·시설,환경기사,플랜트
건축·시설,환경기사,환경측정
건축·시설,공인중개사,부동산개발
건축·시설,공인중개사,부동산컨설팅
건축·시설,공인중개사,분양상담
건축·시설,분양매니저,경매입찰
건축·시설,분양매니저,매입·매각
건축·시설,분양매니저,부동산개발
건축·시설,분양매니저,부동산컨설팅
건축·시설,분양매니저,분양대행
건축·시설,분양매니저,분양상담
건축·시설,분양매니저,시설점검
건축·시설,분양매니저,임대·임대컨설팅
건축·시설,분양매니저,주택관리사
의료·바이오,의사,전문의
의료·바이오,의사,전임의
의료·바이오,의사,치과의사
의료·바이오,간호사,검진센터간호사
의료·바이오,간호사,마취간호사
의료·바이오,간호사,병동간호사
의료·바이오,간호사,수간호사
의료·바이오,간호사,수술실간호사
의료·바이오,간호사,연구간호사(CRC)
의료·바이오,간호사,응급실간호사
의료·바이오,간호사,전문간호사
의료·바이오,간호사,책임간호사
의료·바이오,간호조무사,보험심사·청구
의료·바이오,간호조무사,수술실보조
의료·바이오,간호조무사,진료보조
의료·바이오,약사·한약사,약사
의료·바이오,약사·한약사,한약사
의료·바이오,약사·한약사,RA
의료·바이오,의료기사,물리치료사
의료·바이오,의료기사,방사선사
의료·바이오,의료기사,임상병리사
의료·바이오,의료기사,작업치료사
의료·바이오,의료기사,치기공사
의료·바이오,의료기사,치위생사
의료·바이오,원무행정,보험심사·청구
의료·바이오,원무행정,외래
의료·바이오,원무행정,원무
의료·바이오,원무행정,접수·예약
의료·바이오,기타의료종사자,검안사
의료·바이오,기타의료종사자,구급차기사
의료·바이오,기타의료종사자,놀이치료사
의료·바이오,기타의료종사자,도수치료사
의료·바이오,기타의료종사자,미술치료사
의료·바이오,기타의료종사자,보건의료정보관리사
의료·바이오,기타의료종사자,산후관리사
의료·바이오,기타의료종사자,심리치료사
의료·바이오,기타의료종사자,안경사
의료·바이오,기타의료종사자,언어치료사
의료·바이오,기타의료종사자,운동처방사
의료·바이오,기타의료종사자,위생사
의료·바이오,기타의료종사자,음악치료사
의료·바이오,기타의료종사자,응급구조사
의료·바이오,기타의료종사자,의공기사
의료·바이오,기타의료종사자,의지보조기기사
의료·바이오,기타의료종사자,인지치료사
의료·바이오,기타의료종사자,재활치료사
의료·바이오,기타의료종사자,청각사
의료·바이오,기타의료종사자,청능사
의료·바이오,기타의료종사자,초음파사
의료·바이오,기타의료종사자,RA
의료·바이오,의료·약무보조,간병인
의료·바이오,의료·약무보조,약무보조
의료·바이오,의료·약무보조,의약사무
의료·바이오,의료·약무보조,진료보조
의료·바이오,바이오·제약연구원,건강식품연구
의료·바이오,바이오·제약연구원,미생물
의료·바이오,바이오·제약연구원,생명공학
의료·바이오,바이오·제약연구원,의료기기연구
의료·바이오,바이오·제약연구원,의약외품연구
의료·바이오,바이오·제약연구원,제약·바이오R&D
미디어·문화·스포츠,PD·감독,방송기획
미디어·문화·스포츠,PD·감독,방송송출·송신
미디어·문화·스포츠,PD·감독,방송제작
미디어·문화·스포츠,PD·감독,영상제작
미디어·문화·스포츠,PD·감독,웹툰PD
미디어·문화·스포츠,PD·감독,편성
미디어·문화·스포츠,포토그래퍼,영사기사
미디어·문화·스포츠,포토그래퍼,촬영기자
미디어·문화·스포츠,포토그래퍼,촬영보조
미디어·문화·스포츠,영상편집자,방송기획
미디어·문화·스포츠,영상편집자,방송제작
미디어·문화·스포츠,영상편집자,영상제작
미디어·문화·스포츠,영상편집자,인코딩
미디어·문화·스포츠,영상편집자,특수효과
미디어·문화·스포츠,영상편집자,CG
미디어·문화·스포츠,영상편집자,VJ
미디어·문화·스포츠,사운드엔지니어,음향
미디어·문화·스포츠,사운드엔지니어,작사·작곡
미디어·문화·스포츠,사운드엔지니어,프로듀서
미디어·문화·스포츠,스태프,뮤지컬·연극
미디어·문화·스포츠,스태프,방송제작
미디어·문화·스포츠,스태프,보조출연
미디어·문화·스포츠,스태프,스크립터
미디어·문화·스포츠,스태프,음향
미디어·문화·스포츠,스태프,조명
미디어·문화·스포츠,스태프,촬영보조
미디어·문화·스포츠,스태프,특수효과
미디어·문화·스포츠,출판·편집,교정
미디어·문화·스포츠,출판·편집,삽화·일러스트
미디어·문화·스포츠,출판·편집,인쇄·출력
미디어·문화·스포츠,출판·편집,제본
미디어·문화·스포츠,출판·편집,출판기획
미디어·문화·스포츠,배급·제작자,공연기획
미디어·문화·스포츠,배급·제작자,방송기획
미디어·문화·스포츠,배급·제작자,에이전트
미디어·문화·스포츠,배급·제작자,영상제작
미디어·문화·스포츠,배급·제작자,영화기획
미디어·문화·스포츠,배급·제작자,영화배급
미디어·문화·스포츠,배급·제작자,영화제작
미디어·문화·스포츠,배급·제작자,전시기획
미디어·문화·스포츠,배급·제작자,캐스팅
미디어·문화·스포츠,배급·제작자,프로듀서
미디어·문화·스포츠,배급·제작자,행사기획
미디어·문화·스포츠,크리에이터,방송기획
미디어·문화·스포츠,크리에이터,방송제작
미디어·문화·스포츠,크리에이터,영상제작
미디어·문화·스포츠,기자,사진기자
미디어·문화·스포츠,기자,신문기자
미디어·문화·스포츠,기자,촬영기자
미디어·문화·스포츠,기자,취재기자
미디어·문화·스포츠,기자,편집기자
미디어·문화·스포츠,작가,교정
미디어·문화·스포츠,작가,구성작가
미디어·문화·스포츠,작가,대본
미디어·문화·스포츠,작가,방송작가
미디어·문화·스포츠,작가,번역작가
미디어·문화·스포츠,작가,스크립터
미디어·문화·스포츠,작가,시나리오작가
미디어·문화·스포츠,아나운서,기상캐스터
미디어·문화·스포츠,아나운서,방송아나운서
미디어·문화·스포츠,아나운서,사내방송
미디어·문화·스포츠,리포터·성우,더빙
미디어·문화·스포츠,리포터·성우,리포터
미디어·문화·스포츠,리포터·성우,성우
미디어·문화·스포츠,MC·쇼호스트,쇼호스트
미디어·문화·스포츠,MC·쇼호스트,MC
미디어·문화·스포츠,MC·쇼호스트,VJ
미디어·문화·스포츠,연예인·매니저,가수
미디어·문화·스포츠,연예인·매니저,로드매니저
미디어·문화·스포츠,연예인·매니저,뮤지컬·연극
미디어·문화·스포츠,연예인·매니저,연기자
미디어·문화·스포츠,연예인·매니저,캐스팅
미디어·문화·스포츠,통번역사,관광통역
미디어·문화·스포츠,통번역사,기타외국어
미디어·문화·스포츠,통번역사,동시통역
미디어·문화·스포츠,통번역사,영어
미디어·문화·스포츠,통번역사,외화번역
미디어·문화·스포츠,통번역사,일본어
미디어·문화·스포츠,통번역사,중국어
미디어·문화·스포츠,음반기획,가수
미디어·문화·스포츠,음반기획,음향
미디어·문화·스포츠,음반기획,작사·작곡
미디어·문화·스포츠,음반기획,프로듀서
미디어·문화·스포츠,스포츠강사,골프
미디어·문화·스포츠,스포츠강사,레포츠
미디어·문화·스포츠,스포츠강사,생활체육
미디어·문화·스포츠,스포츠강사,수영
미디어·문화·스포츠,스포츠강사,스포츠센터
미디어·문화·스포츠,스포츠강사,안전요원
미디어·문화·스포츠,스포츠강사,요가
미디어·문화·스포츠,스포츠강사,피트니스센터
미디어·문화·스포츠,스포츠강사,필라테스
공공·복지,사회복지사,노인복지
공공·복지,사회복지사,생활복지
공공·복지,사회복지사,심리상담
공공·복지,사회복지사,아동복지
공공·복지,사회복지사,자원봉사
공공·복지,사회복지사,장애인복지
공공·복지,사회복지사,재활교사
공공·복지,사회복지사,청소년복지
공공·복지,요양보호사,노인복지
공공·복지,요양보호사,방문요양
공공·복지,요양보호사,생활복지
공공·복지,환경미화원,청소·미화
공공·복지,환경미화원,해충방제
공공·복지,환경미화원,환경관리
공공·복지,보건관리자,건설안전
공공·복지,보건관리자,산업안전
공공·복지,보건관리자,위험성평가
공공·복지,사서,도서관리
공공·복지,사서,문헌수집
공공·복지,사서,사례관리
공공·복지,방역·방재기사,소독
공공·복지,방역·방재기사,소방·방재
공공·복지,방역·방재기사,해충방제
